INSERT INTO room(id, room_name)
VALUES
    (1, 'IMAX'),
    (2, 'IMAX 2'),
    (3, 'IMAX 3'),
    (4, 'IMAx 4');

INSERT INTO movie(id, movie_name, movie_description, movie_running_time, movie_thumbnail_url)
VALUES
    (1, 'Oppenheimer', 'The story of American scientist J. Robert Oppenheimer and his role in the development of the atomic bomb.', '180 min', 'assets/images/oppenheimer.jpg'),
    (2, 'Barbie', 'Barbie and Ken are having the time of their lives in the colorful and seemingly perfect world of Barbie Land. However, when they get a chance to go to the real world, they soon discover the joys and perils of living among humans.', '114 min', 'assets/images/barbie.jpg'),
    (3, 'The Boy and the Heron', 'After losing his mother during the war, young Mahito moves to his family''s estate in the countryside. There, a series of mysterious events lead him to a secluded and ancient tower, home to a mischievous gray heron. When Mahito''s new stepmother disappears, he follows the gray heron into the tower, and enters a fantastic world shared by the living and the dead. As he embarks on an epic journey with the heron as his guide, Mahito must uncover the secrets of this world, and the truth about himself.', '125 min', 'assets/images/the_boy_and_the_heron.jpg'),
    (4, 'John Wick: Chapter 4', 'John Wick uncovers a path to defeating The High Table. But before he can earn his freedom, Wick must face off against a new enemy with powerful alliances across the globe and forces that turn old friends into foes.', '179 min', 'assets/images/john_wick_4.jpg'),
    (5, 'Drive', 'A mysterious Hollywood action film stuntman gets in trouble with gangsters when he tries to help his neighbor''s husband rob a pawn shop while serving as his getaway driver.', '100 min', 'assets/images/drive.jpg'),
    (6, 'Indiana Jones and the Dial of Destiny', 'Archaeologist Indiana Jones races against time to retrieve a legendary artifact that can change the course of history.', '154 min', 'assets/images/indiana_jones.jpg'),
    (7, 'Batman', 'When a sadistic serial killer begins murdering key political figures in Gotham, Batman is forced to investigate the city''s hidden corruption and question his family''s involvement.', '176 min', 'assets/images/batman.jpg');

INSERT INTO seat(id, seat_row, number, room_id)
VALUES
    (1, 'A', 1, 1),
    (2, 'A', 2, 1),
    (3, 'A', 3, 1),
    (4, 'A', 4, 1),
    (5, 'A', 5, 1),
    (6, 'A', 6, 1),
    (7, 'A', 7, 1),
    (8, 'A', 8, 1),
    (9, 'A', 9, 1),
    (10, 'A', 10, 1),
    (11, 'B', 1, 1),
    (12, 'B', 2, 1),
    (13, 'B', 3, 1),
    (14, 'B', 4, 1),
    (15, 'B', 5, 1),
    (16, 'B', 6, 1),
    (17, 'B', 7, 1),
    (18, 'B', 8, 1),
    (19, 'B', 9, 1),
    (20, 'B', 10, 1),
    (21, 'C', 1, 1),
    (22, 'C', 2, 1),
    (23, 'C', 3, 1),
    (24, 'C', 4, 1),
    (25, 'C', 5, 1),
    (26, 'C', 6, 1),
    (27, 'C', 7, 1),
    (28, 'C', 8, 1),
    (29, 'C', 9, 1),
    (30, 'C', 10, 1),
    (31, 'D', 1, 1),
    (32, 'D', 2, 1),
    (33, 'D', 3, 1),
    (34, 'D', 4, 1),
    (35, 'D', 5, 1),
    (36, 'D', 6, 1),
    (37, 'D', 7, 1),
    (38, 'D', 8, 1),
    (39, 'D', 9, 1),
    (40, 'D', 10, 1),
    (41, 'A', 1, 2),
    (42, 'A', 2, 2),
    (43, 'A', 3, 2),
    (44, 'A', 4, 2),
    (45, 'A', 5, 2),
    (46, 'A', 6, 2),
    (47, 'A', 7, 2),
    (48, 'A', 8, 2),
    (49, 'A', 9, 2),
    (50, 'A', 10, 2),
    (51, 'B', 1, 2),
    (52, 'B', 2, 2),
    (53, 'B', 3, 2),
    (54, 'B', 4, 2),
    (55, 'B', 5, 2),
    (56, 'B', 6, 2),
    (57, 'B', 7, 2),
    (58, 'B', 8, 2),
    (59, 'B', 9, 2),
    (60, 'B', 10, 2),
    (61, 'C', 1, 2),
    (62, 'C', 2, 2),
    (63, 'C', 3, 2),
    (64, 'C', 4, 2),
    (65, 'C', 5, 2),
    (66, 'C', 6, 2),
    (67, 'C', 7, 2),
    (68, 'C', 8, 2),
    (69, 'C', 9, 2),
    (70, 'C', 10, 2),
    (71, 'D', 1, 2),
    (72, 'D', 2, 2),
    (73, 'D', 3, 2),
    (74, 'D', 4, 2),
    (75, 'D', 5, 2),
    (76, 'D', 6, 2),
    (77, 'D', 7, 2),
    (78, 'D', 8, 2),
    (79, 'D', 9, 2),
    (80, 'D', 10, 2);

INSERT INTO seance(id, movie_id, room_id, date_of_seance)
VALUES
    (1, 1, 1, '2023-06-06 13:00:00'),
    (2, 1, 1, '2023-06-06 18:00:00'),
    (3, 1, 1, '2023-06-06 21:00:00'),
    (4, 1, 1, '2023-06-07 13:00:00'),
    (5, 1, 1, '2023-06-07 18:00:00'),
    (6, 1, 1, '2023-06-07 21:00:00'),
    (7, 1, 1, '2023-06-08 13:00:00'),
    (8, 1, 1, '2023-06-08 18:00:00'),
    (9, 1, 1, '2023-06-08 21:00:00'),
    (10, 1, 1, '2023-06-13 13:00:00'),
    (11, 1, 1, '2023-06-13 18:00:00'),
    (12, 1, 1, '2023-06-13 21:00:00'),
    (13, 2, 2, '2023-06-06 13:00:00'),
    (14, 2, 2, '2023-06-06 18:00:00'),
    (15, 2, 2, '2023-06-06 21:00:00'),
    (16, 2, 2, '2023-06-07 13:00:00'),
    (17, 2, 2, '2023-06-07 18:00:00'),
    (18, 2, 2, '2023-06-07 21:00:00'),
    (19, 2, 2, '2023-06-08 13:00:00'),
    (20, 2, 2, '2023-06-08 18:00:00'),
    (21, 2, 2, '2023-06-08 21:00:00'),
    (22, 2, 2, '2023-06-13 13:00:00'),
    (23, 2, 2, '2023-06-13 18:00:00'),
    (24, 2, 2, '2023-06-13 21:00:00'),
    (25, 3, 3, '2023-06-06 13:00:00'),
    (26, 3, 3, '2023-06-06 18:00:00'),
    (27, 3, 3, '2023-06-06 21:00:00'),
    (28, 3, 3, '2023-06-07 13:00:00'),
    (29, 3, 3, '2023-06-07 18:00:00'),
    (30, 3, 3, '2023-06-07 21:00:00'),
    (31, 3, 3, '2023-06-08 13:00:00'),
    (32, 3, 3, '2023-06-08 18:00:00'),
    (33, 3, 3, '2023-06-08 21:00:00'),
    (34, 3, 3, '2023-06-13 13:00:00'),
    (35, 3, 3, '2023-06-13 18:00:00'),
    (36, 3, 3, '2023-06-13 21:00:00'),
    (37, 4, 4, '2023-06-06 13:00:00'),
    (38, 4, 4, '2023-06-06 18:00:00'),
    (39, 4, 4, '2023-06-07 13:00:00'),
    (40, 4, 4, '2023-06-07 18:00:00'),
    (41, 4, 4, '2023-06-08 13:00:00'),
    (42, 4, 4, '2023-06-08 18:00:00'),
    (43, 4, 4, '2023-06-13 13:00:00'),
    (44, 4, 4, '2023-06-13 18:00:00'),
    (45, 5, 1, '2023-06-06 09:00:00'),
    (46, 5, 1, '2023-06-06 12:00:00'),
    (47, 5, 1, '2023-06-07 09:00:00'),
    (48, 5, 1, '2023-06-07 12:00:00'),
    (49, 5, 1, '2023-06-13 09:00:00'),
    (50, 5, 1, '2023-06-13 12:00:00'),
    (51, 6, 2, '2023-06-06 09:00:00'),
    (52, 6, 2, '2023-06-06 12:00:00'),
    (53, 6, 2, '2023-06-07 09:00:00'),
    (54, 6, 2, '2023-06-07 12:00:00'),
    (55, 6, 2, '2023-06-13 09:00:00'),
    (56, 6, 2, '2023-06-13 12:00:00'),
    (57, 7, 3, '2023-06-06 09:00:00'),
    (58, 7, 3, '2023-06-06 12:00:00'),
    (59, 7, 3, '2023-06-07 09:00:00'),
    (60, 7, 3, '2023-06-07 12:00:00'),
    (61, 7, 3, '2023-06-13 09:00:00'),
    (62, 7, 3, '2023-06-13 12:00:00');

INSERT INTO available_seats(id, seance_id, seat_id, seat_status, price)
VALUES
    (1, 1, 1, 'RESERVED', 20.5),
    (2, 1, 2, 'EXPIRED', 20.5),
    (3, 1, 3, 'EMPTY', 20.5),
    (4, 1, 4, 'VALIDATED', 20.5),
    (5, 1, 5, 'RESERVED', 20.5),
    (6, 1, 6, 'EMPTY', 20.5),
    (7, 1, 7, 'EMPTY', 20.5),
    (8, 1, 8, 'EMPTY', 20.5),
    (9, 1, 9, 'EMPTY', 20.5),
    (10, 1, 10, 'EMPTY', 20.5),
    (11, 1, 11, 'EMPTY', 24),
    (12, 1, 12, 'EMPTY', 24),
    (13, 1, 13, 'EMPTY', 24),
    (14, 1, 14, 'EMPTY', 24),
    (15, 1, 15, 'EMPTY', 24),
    (16, 1, 16, 'EMPTY', 24),
    (17, 1, 17, 'EMPTY', 24),
    (18, 1, 18, 'EMPTY', 24),
    (19, 1, 19, 'EMPTY', 24),
    (20, 1, 20, 'EMPTY', 24),
    (21, 1, 21, 'EMPTY', 24),
    (22, 1, 22, 'EMPTY', 24),
    (23, 1, 23, 'EMPTY', 24),
    (24, 1, 24, 'RESERVED', 24),
    (25, 1, 25, 'RESERVED', 24),
    (26, 1, 26, 'RESERVED', 24),
    (27, 1, 27, 'RESERVED', 24),
    (28, 1, 28, 'EMPTY', 24),
    (29, 1, 29, 'EMPTY', 24),
    (30, 1, 30, 'EMPTY', 24),
    (31, 1, 31, 'EMPTY', 20.5),
    (32, 1, 32, 'EMPTY', 20.5),
    (33, 1, 33, 'EMPTY', 20.5),
    (34, 1, 34, 'EMPTY', 20.5),
    (35, 1, 35, 'EMPTY', 20.5),
    (36, 1, 36, 'EMPTY', 20.5),
    (37, 1, 37, 'EMPTY', 20.5),
    (38, 1, 38, 'EMPTY', 20.5),
    (39, 1, 39, 'EMPTY', 20.5),
    (40, 1, 40, 'EMPTY', 20.5),

    (41, 2, 1, 'RESERVED', 20.5),
    (42, 2, 2, 'EXPIRED', 20.5),
    (43, 2, 3, 'EMPTY', 20.5),
    (44, 2, 4, 'VALIDATED', 20.5),
    (45, 2, 5, 'RESERVED', 20.5),
    (46, 2, 6, 'EMPTY', 20.5),
    (47, 2, 7, 'EMPTY', 20.5),
    (48, 2, 8, 'EMPTY', 20.5),
    (49, 2, 9, 'EMPTY', 20.5),
    (50, 2, 10, 'EMPTY', 20.5),
    (51, 2, 11, 'EMPTY', 24),
    (52, 2, 12, 'EMPTY', 24),
    (53, 2, 13, 'EMPTY', 24),
    (54, 2, 14, 'EMPTY', 24),
    (55, 2, 15, 'EMPTY', 24),
    (56, 2, 16, 'EMPTY', 24),
    (57, 2, 17, 'EMPTY', 24),
    (58, 2, 18, 'EMPTY', 24),
    (59, 2, 19, 'EMPTY', 24),
    (60, 2, 20, 'EMPTY', 24),
    (61, 2, 21, 'EMPTY', 24),
    (62, 2, 22, 'EMPTY', 24),
    (63, 2, 23, 'EMPTY', 24),
    (64, 2, 24, 'EMPTY', 24),
    (65, 2, 25, 'EMPTY', 24),
    (66, 2, 26, 'EMPTY', 24),
    (67, 2, 27, 'EMPTY', 24),
    (68, 2, 28, 'EMPTY', 24),
    (69, 2, 29, 'EMPTY', 24),
    (70, 2, 30, 'EMPTY', 24),
    (71, 2, 31, 'EMPTY', 20.5),
    (72, 2, 32, 'EMPTY', 20.5),
    (73, 2, 33, 'EMPTY', 20.5),
    (74, 2, 34, 'EMPTY', 20.5),
    (75, 2, 35, 'EMPTY', 20.5),
    (76, 2, 36, 'EMPTY', 20.5),
    (77, 2, 37, 'EMPTY', 20.5),
    (78, 2, 38, 'EMPTY', 20.5),
    (79, 2, 39, 'EMPTY', 20.5),
    (80, 2, 40, 'EMPTY', 20.5);


INSERT INTO reservation(id, total_price, person_data, ticket)
VALUES
    (1, 41.0, 'WeronikaZ', 'unique-ticket-1'),
    (2, 41.0, 'PatrycjaK', 'unique-ticket-2'),
    (3, 96.0, 'AmielaB', 'unique-ticket-3');

INSERT INTO list_of_reserved_seats(id, reserved_seat_id, reservation_id)
VALUES
    (1, 1, 1),
    (2, 2, 1),
    (3, 4, 2),
    (4, 5, 2),
    (5, 24, 3),
    (6, 25, 3),
    (7, 26, 3),
    (8, 27, 3);

INSERT INTO user_cinema_attendant(id, username, password)
VALUES
    (1, 'marek', '123');

